Group,polar,aliph,tyr,F_W
I,0.963302752293578,0.7692307692307693,0.7027027027027027,0.1941747572815534
II,0.03669724770642202,0.057692307692307696,0.05405405405405406,0.49514563106796117
III,0.0,0.17307692307692307,0.24324324324324326,0.3106796116504854
