AminoAcid,log(Frequency)
P,-0.9200004126600692
G,-0.07878390890931604
A,-0.8119039171833684
C,-1.2836184108327333
L,-1.6358390044220854
M,-0.6926007253491678
V,-0.03886422194817135
I,-0.09005819557925737
F,0.6051558532477409
W,0.8410354736686507
Y,-0.07679253752439093
H,0.8182959866991611
S,1.2565509176303162
T,1.686796054736968
N,1.5641937326446356
Q,1.201288238955267
R,-0.1472657941817767
K,0.4027805427374955
E,-0.002684565370668987
