AminoAcid,log(Frequency)
P,0.5591036240317817
G,-0.18447441015505545
A,0.04554202044691643
C,0.7556675375412795
L,0.6071128432181424
M,0.7952766756363252
V,0.3451391274765685
I,0.5873883378703637
F,0.9835138183823955
W,0.3602527652866165
Y,0.5631936092833069
H,-2.5401693284630493
S,-1.8470221479031042
T,-2.0476928433652555
N,-1.7600107709134745
Q,-1.7600107709134745
R,-1.6799680632399379
K,-2.6354795082673745
E,-2.6354795082673745
D,-2.5401693284630493
