AminoAcid,log(Frequency)
P,-0.36089678862828745
G,-0.26325831906437164
A,-0.766361896736452
C,-0.5279508732914538
L,-1.0287261612039431
M,0.10267595028715751
V,0.3062749055283971
I,0.4973301422911063
F,1.588669671630136
W,1.2012882389552673
Y,0.48640107175891595
H,-1.7218733417638885
S,-0.5904712302727878
T,-0.36089678862828745
N,-0.19581703826883903
Q,-0.5587225319582075
R,-1.8272338574217146
K,-2.232698965529879
E,-2.6381640736380434
