peptide,betaFrac(FTIR),ALT(sim)
VCP,0.387938,0.2052083333333333
PAC,0.38730184,0.203125
CPM,0.39611107,0.109375
CPC,0.412136,0.1541666666666666
PFT,0.292990209,0.15625
CVP,0.426925,0.1927083333333333
PGI,0.45362015,0.1848958333333333
MPC,0.371237511,0.1223958333333333
PNW,0.399364665,0.9177083333333336
VTI,0.69888622,0.8921875
ITM,0.7325551100000001,0.8765625
FQV,0.8188121740000001,0.8958333333333334
VSF,0.636998146,0.9208333333333334
FNV,0.6094409940000001,0.8897727272727273
YSF,0.541910565,0.90625
PCV,0.64344798,0.1869791666666666
YNY,0.59179932,0.2015625
ISI,0.64886722,0.915625
FNC,0.5181486071300001,0.8966666666666667
CSF,0.642795503,0.8765625
