peptide,log10(F/F0),SEM_log
VCP,0.1204198286457225,0.0072976832934201
PAC,0.1816653004261597,0.0579996634959563
CPM,0.1920302780770048,0.0128625137336637
CPC,0.2562809155111321,0.0188717022072215
PFT,0.3497010519751143,0.1153032783025922
CVP,0.3568815407386547,0.0113202781172503
PGI,0.3586677467699935,0.123785963862744
MPC,0.36218065018667,0.0681697762522256
PNW,0.3858992860967575,0.0146829131277178
VTI,0.726280915511132,0.0188717022072215
ITM,1.4853551549230453,0.0109328616990949
FQV,1.7952187913795097,0.0119284346093666
VSF,1.8130978806150235,0.0448155773722321
FNV,2.000204370617459,0.0380115177991949
YSF,2.272835742209468,0.0087455395706265
PCV,2.3690286627546535,0.0375639590530109
YNY,2.4357561132431713,0.0635027863215686
ISI,2.587981187592825,0.0120979522202193
FNC,3.0320834397626473,0.009533819252015
CSF,3.2854311783332952,0.0116920169818705
