AminoAcid,log(Frequency_tripep),log(Frequency_tetrapep)
P,-0.09024687784777805,-0.5406785869156717
G,-0.31339042916198795,1.0687593255184287
A,-1.294219682173714,-0.992663710658729
C,-0.31339042916198795,-0.04820210181787763
L,-1.6996847902818786,-2.9385738597140425
M,0.17211738661971313,-0.2995165300987837
V,0.005063301956546855,-0.10536051565782616
I,0.17211738661971313,-0.2995165300987837
F,1.538993661882502,1.6565459904205477
W,-0.7833940584077234,-0.3736245022525055
Y,0.3152182302603863,-0.8591323180342064
H,Nil,Nil
S,0.09207467894617666,-0.3736245022525055
T,-0.44692182178651046,0.6167742017753713
N,0.6982104825164922,0.3936306504611616
Q,-0.09024687784777805,-0.992663710658729
R,-0.44692182178651046,Nil
K,Nil,Nil
