peptide,betaFrac(FTIR),ALT(sim)
VPGV,0.37117288,0.1191417165668662
VFDR,0.27459439,0.1514321357285429
RYDV,0.227519962,0.1682285429141716
RCVD,0.348578857,0.1913522954091816
PYRD,0.3126431,0.1567015968063872
YREI,0.33936649,0.1255838323353293
PGWG,0.299036492,0.8291966067864271
YERV,0.28145589400000004,0.1487475049900199
YPNI,0.419877306,0.1015818363273453
MPMT,0.39739313,0.079755489021956
PGYG,0.39883857,0.848188622754491
GFTV,0.5951649999999999,0.9128243512974052
MNMG,0.506586611,0.8318512974051897
FTFG,0.6382869200000001,0.753378243512974
FPSP,0.5712686600000001,0.0981736526946107
PGPV,0.628441596,0.1475748502994012
FTGI,0.64619798,0.8662075848303393
GWNM,0.5734119400000001,0.7933433133732536
ITIG,0.707820172,0.77187624750499
GFNF,0.535851,0.8224700598802397
WNFG,0.547226946,0.8190119760479042
FNWG,0.464300369,0.7801047904191616
VTFC,0.650479061,0.8000948103792415
GFNM,0.56773615,0.8962325349301398
FNFG,0.44586137000000003,0.8530389221556886
CITI,0.7420215299999999,0.7981586826347306
