peptide,log10(F/F0),SEM_log
VPGV,0.0704554598790388,0.0082823408688982
VFDR,0.087851216197036,0.0103713218277629
RYDV,0.1123366163912149,0.0164040746746045
RCVD,0.1144714015530884,0.0092872246963901
PYRD,0.129385388400625,0.0071606722199361
YREI,0.1358317912267637,0.0137249728202625
PGWG,0.1435552972133243,0.007900456169662
YERV,0.1554646129913774,0.0082546236766993
YPNI,0.1777137574727162,0.0131072486444941
MPMT,0.2571442289565732,0.0157374359136812
PGYG,0.2806454987455679,0.1318587822760609
GFTV,0.5081850570796114,0.0269876351947959
MNMG,0.5343163063402206,0.1722265190844776
FTFG,0.679401765429039,0.1184791231961724
FPSP,0.8556560921491709,0.0142740440776455
PGPV,1.5074048468666637,0.0504753925889998
FTGI,1.7017398612738106,0.1550823131377285
GWNM,1.711454137818696,0.0404018762836759
ITIG,2.2338306408517368,0.0450352470193574
GFNF,2.2706991084864647,0.0189438312140421
WNFG,2.4633595881843555,0.0117484563714878
FNWG,2.6056802219692496,0.078149719077684
VTFC,2.9234776385950214,0.0332505118756619
GFNM,3.051026195640855,0.0359946222381462
FNFG,3.2022835914437833,0.007778178740132
CITI,3.3636168544763674,0.0147757255839479
