AminoAcid,1st_Pos,2nd_Pos,3rd_Pos
P,0.11009174311926606,0.0,0.0
G,0.027522935779816515,0.04892966360856269,0.03058103975535168
A,0.009174311926605505,0.01529051987767584,0.04281345565749235
C,0.01529051987767584,0.01529051987767584,0.0581039755351682
L,0.021406727828746176,0.0061162079510703364,0.024464831804281346
M,0.045871559633027525,0.03363914373088685,0.0856269113149847
V,0.06116207951070336,0.045871559633027525,0.11009174311926606
I,0.10091743119266056,0.045871559633027525,0.11314984709480122
F,0.25382262996941896,0.17737003058103976,0.2874617737003058
W,0.18960244648318042,0.1529051987767584,0.14984709480122324
Y,0.07951070336391437,0.11926605504587157,0.045871559633027525
H,0.0061162079510703364,0.012232415902140673,0.0061162079510703364
S,0.012232415902140673,0.0581039755351682,0.012232415902140673
T,0.021406727828746176,0.0856269113149847,0.0
N,0.03363914373088685,0.07033639143730887,0.01529051987767584
Q,0.012232415902140673,0.06422018348623854,0.01529051987767584
R,0.0,0.021406727828746176,0.0
K,0.0,0.01529051987767584,0.0030581039755351682
E,0.0,0.012232415902140673,0.0
D,0.0,0.0,0.0
